epoch,loss,val_loss,errCntAvg,uniqIdx,norm
20,0.67,0.67,1.4,25,1.3988281250000001
40,0.67,0.67,1.37,29,1.368671875
60,0.66,0.67,1.31,31,1.3089062499999999
80,0.66,0.67,1.35,40,1.3521875000000001
100,0.66,0.67,1.43,34,1.4268749999999999
120,0.66,0.67,1.38,36,1.3817187500000001
140,0.66,0.67,1.44,38,1.4351562499999999
160,0.65,0.67,1.45,40,1.4515625000000001
180,0.65,0.67,1.47,39,1.4675
200,0.65,0.67,1.44,40,1.4384375
